source,ext_id,cat1,cat2,cat3,org_name,Name,addrln1,addrln2,city,state,hours,email,url,info1,info2,post_id,description,zip,link,use_type,date_updated,dis_status
211,,Social Services,Homeless Shelters and Services,,,Special Service For Groups -  Project 180,420 S. San Pedro,,Los Angeles,CA,"SITE HOURS:  Monday through Friday, 8:30am to 4:30pm. ",,ssgmain.org/,,,772,"The agency provides advocacy, child care, HIV/AIDS services, holiday assistance, interpreter and translator services, personal goods, services for non-profit organizations, services for older adults, substance abuse services, and youth services in Los Angeles County.",90013,http://egis3.lacounty.gov/lms/?p=772,publish,2017/10/30 14:43:13+00,
211,,Social Services,Homeless Shelters and Services,,,1736 Family Crisis Center,2116 Arlington Ave,Suite 200,Los Angeles,CA,"Monday through Friday, 8:30am to 5:30pm.  Evenings and Saturdays by appointment.",,www.1736fcc.org,,,786,"The agency provides case management, counseling services, domestic violence services, family support services for low income families, runaway services, emergency and transitional shelter for battered women and their children, shelter for runaway/homeless youth, and welfare-to-work support services.  Services are provided at two community service center locations in South Los Angeles and Torrance, an emergency youth shelter in Hermosa Beach, and four confidentially located domestic violence shelters.",90018,http://egis3.lacounty.gov/lms/?p=786,publish,2017/10/06 16:28:29+00,
211,,Social Services,Homeless Shelters and Services,,,1736 Family Crisis Center - Emergency Youth Shelter,1736 Monterey Blvd.,,Hermosa Beach,CA,"Monday through Sunday, 24 hours per day. ",,www.1736fcc.org,,,788,"The agency provides case management, counseling services, domestic violence services, family support services for low income families, runaway services, emergency and transitional shelter for battered women and their children, shelter for runaway/homeless youth, and welfare-to-work support services.",90254,http://egis3.lacounty.gov/lms/?p=788,publish,2017/10/30 14:49:17+00,
211,,Social Services,Homeless Shelters and Services,,,Santa Anita Family Service,605 S. Myrtle Ave.,,Monrovia,CA,,,www.santaanitafamilyservice.org,,,794,"The agency provides CalFresh services, child abuse services, counseling services, domestic violence services, drug abuse services and services for older adults.",91016,http://egis3.lacounty.gov/lms/?p=794,publish,2017/10/30 14:51:21+00,
211,,Social Services,Homeless Shelters and Services,,,Santa Anita Family Service - San Gabriel,206 E Las  Tunas Dr,,San Gabriel,CA,,,www.santaanitafamilyservice.org,,,795,"The agency provides CalFresh services, child abuse services, counseling services, domestic violence services, drug abuse services and services for older adults.",91776,http://egis3.lacounty.gov/lms/?p=795,publish,2017/10/30 15:03:43+00,
211,,Social Services,Homeless Shelters and Services,,,Children's Hosptial Los Angeles - High Risk Youth Program - Saban Free Clinic,6043 Hollywood Blvd.,,Los Angeles,CA,"Tuesday, 1:00pm to 5:00pm and Thursday, 2:00pm to 5:00pm. ",,www.childrenshospitalla.org/site/c.ipINKTOAJsG/b.4452451/,,,946,The agency provides health services and homeless support services for youth age 12 to 24 in the Hollywood area.,90028,http://egis3.lacounty.gov/lms/?p=946,publish,2017/10/30 15:05:07+00,
211,,Social Services,Homeless Shelters and Services,,,Children's Hosptial Los Angeles - High Risk Youth Program,5000 W Sunset Blvd,4th Fl.,Los Angeles,CA,"Monday through Friday, 8:30am to 5:00pm.  Clinic hours Tuesday and Thursday, 1:00pm to 5:30pm. ",,www.childrenshospitalla.org/site/c.ipINKTOAJsG/b.4452451/,,,947,The agency provides health services and homeless support services for youth age 12 to 24 in the Hollywood area.,90027,http://egis3.lacounty.gov/lms/?p=947,publish,2013/06/01 11:50:56+00,
211,,Social Services,Homeless Shelters and Services,,,Center For The Pacific Asian Family Inc,1102 Crenshaw Blvd,,Los Angeles,CA,,,www.nurturingchange.org,,,1073,"The center provides child abuse services, domestic violence services, shelter, sexual assault services, volunteer opportunities, and welfare-to-work support services.",90019,http://egis3.lacounty.gov/lms/?p=1073,publish,2017/10/30 15:22:07+00,
211,,Social Services,Homeless Shelters and Services,,,Salvation Army - The Way In,5939 Hollywood Blvd.,,Hollywood,CA,"Site Hours:  Drop In Center hours are Monday through Friday, 6:00pm to 8:00pm.  Shelter programs hours are Monday through Sunday, 24 hours per day.     ",,,,,1133,"The center provides holiday assistance, runaway services and shelter for homeless youth who are in the Hollywood area.",90028,http://egis3.lacounty.gov/lms/?p=1133,publish,2017/10/16 14:55:18+00,
211,,Social Services,Homeless Shelters and Services,,www.catalystfdn.org,"Catalyst Foundation , The",540 W Lancaster Blvd,,Lancaster,CA,"Monday through Thursday, 8:00am to 5:00pm; Friday, 8:00am to 12:00pm. ",,www.catalystfdn.org,,,1283,The foundation provides emergency food and HIV/AIDS services for Antelope Valley residents.,93534,http://egis3.lacounty.gov/lms/?p=1283,publish,2013/06/01 11:50:56+00,
211,,Social Services,Homeless Shelters and Services,,,Jewish Family Service Of Los Angeles - Family Violence Project,13949 Ventura Blvd.,,Sherman Oaks,CA,,,www.jfsla.org,,,1353,"The project provides domestic violence services, shelter and welfare-to-work support services for victims of domestic violence.",91423,http://egis3.lacounty.gov/lms/?p=1353,publish,2017/10/30 15:24:54+00,
211,,Social Services,Homeless Shelters and Services,,www.salvationarmy-socal.org,Salvation Army Corps Community Center - Burbank,300 E. Angeleno,,Burbank,CA,,,www.salvationarmy-socal.org,,,1360,"This agency provides counseling services, emergency food, holiday assistance, recreational programs and utility bill assistance for families, couples, and individuals who live in Burbank, North Hollywood, Sun Valley, Sunland and Tujunga.",91502,http://egis3.lacounty.gov/lms/?p=1360,publish,2013/06/01 11:50:56+00,
211,,Social Services,Homeless Shelters and Services,,www.oursaviourcenter.org,Our Saviour Center,4368 Santa Anita Ave.,,El Monte,CA,"Monday through Friday, 9:00am to 5:00pm. ",,www.oursaviourcenter.org,,,1364,"This center provides, emergency food, family planning, health services, recreational programs, and shelter for low-income people who live in El Monte and South El Monte.",91731,http://egis3.lacounty.gov/lms/?p=1364,publish,2013/06/01 11:50:56+00,
211,,Social Services,Homeless Shelters and Services,,www.lampcommunity.org,Lamp Community - Frank Rice Access Center,627 San Julian St.,,Los Angeles,CA,"Monday through Friday, 8:00am to 4:00pm. ",,www.lampcommunity.org,,,2023,"The agency provides homeless support services and shelter for adults who have chronic mental illness and who are in Skid Row and downtown Los Angeles, including people who are undocumented or who have developmental disabilities or a dual diagnosis of mental illness and substance abuse.",90014,http://egis3.lacounty.gov/lms/?p=2023,publish,2013/06/01 11:50:56+00,
211,,Social Services,Homeless Shelters and Services,,NULL,Women's And Children's Crisis Shelter,13305 Penn St,,Whittier,CA,"Monday through Sunday, 24 hours per day. ",,,,,2460,The agency provides domestic violence services for low-income victims of intimate partner domestic violence and their children from all areas of Los Angeles County.,90602,http://egis3.lacounty.gov/lms/?p=2460,publish,2013/06/01 11:50:56+00,
211,,Social Services,Homeless Shelters and Services,,Homeless Health Care Los Angeles,Homeless Health Care Los Angeles,2330 Beverly Blvd.,,Los Angeles,CA,"Monday, Wednesday, 8:00am to 7:30pm; Tuesday, Thursday, Friday, 8:00am to 5:00pm",,www.hhcla.org,,,2515,"The agency provides education services, substance abuse services for co-occuring disorders, and welfare-to-work support services for homeless people in downtown Los Angeles and for agencies that work with homeless individuals in Los Angeles County.",90057,http://egis3.lacounty.gov/lms/?p=2515,publish,2013/05/29 18:10:36+00,
211,,Social Services,Homeless Shelters and Services,,www.lampcommunity.org,Lamp Community,526 S San Pedro St,,Los Angeles,CA,,,www.lampcommunity.org,,,3156,"The agency provides homeless support services and shelter for adults who have chronic mental illness and who are in Skid Row and downtown Los Angeles, including people who are undocumented or who have developmental disabilities or a dual diagnosis of mental illness and substance abuse.",90013,http://egis3.lacounty.gov/lms/?p=3156,publish,2017/10/16 14:57:24+00,
Current Services Locator,,Social Services,Homeless Shelters and Services,,LA County,Door Of Hope,669 N. Los Robles Ave.,,Pasadena,CA,"Monday through Sunday, 24 hours per day.",,www.doorofhope.us,,,4100,The Agency Provides Christian-Oriented Transitional Housing For Two-Parent Families With Up To Four Children 10 Years And Younger.  Families Must Be Highly-Motivated To Improve Their Situation And To Become Self-Sufficient.  There Are No Geographic Restr,91101,http://egis3.lacounty.gov/lms/?p=4100,publish,2010/11/01 19:50:56+00,
Current Services Locator,,Social Services,Homeless Shelters and Services,,LA County,Scadp - Casa Libre Residential Services,1055 S. Eastman Ave.,,Los Angeles,CA,,,www.scadp.org,,,4102,"The Agency Provides Domestic Violence Services Targeted To Tanf Recipients, Hiv/Aids. Services, Residential Treatment For Substance Abuse,Substance Abuse Services And Youth Services For People Of All Ages In Los Angeles County.",90023,http://egis3.lacounty.gov/lms/?p=4102,publish,2010/11/01 19:50:56+00,
Current Services Locator,,Social Services,Homeless Shelters and Services,,LA County,Wecan House,505 S. Pacific Ave.,,San Pedro,CA,,,www.jointefforts.org,,,4103,"The Agency Provides Drug Abuse Services, Family Life Education, A Transitional Shelter, And Welfare-To-Work Support Services To People In The South Bay, Harbor Gateway And Long Beach Areas.  Age And Geographic Restrictions Apply For Some Services.",90731,http://egis3.lacounty.gov/lms/?p=4103,publish,2010/11/01 19:50:56+00,
Current Services Locator,,Social Services,Homeless Shelters and Services,,LA County,"Serra Project, The",1245 E. Walnut St.,Ste. 106,Pasadena,CA,,,www.serraproject.org,,,4107,The Agency Provides Housing Services And Transitional Shelter For Men And Women With Children Who Have Aids. Or Are Hiv Positive In Los Angeles County.,91106,http://egis3.lacounty.gov/lms/?p=4107,publish,2010/11/01 19:50:56+00,
Current Services Locator,,Social Services,Homeless Shelters and Services,,LA County,Homeless Shelter For Women And Children,4513 E. Compton Blvd.,,Compton,CA,"Monday through Thursday, 8:00am to 12:00 noon",,www.cwroshelter.org,,,4150,The Agency Provides Shelter For Homeless Single Women And Women With Children Who Are In Los Angeles County.  The Shelter May Assist Women Who Have Mental/Emotional Problems; The Shelter Is Also Accessible For Women Who Use Wheelchairs.,90221,http://egis3.lacounty.gov/lms/?p=4150,publish,2010/11/01 19:50:56+00,
Current Services Locator,,Social Services,Homeless Shelters and Services,,LA County,Urdc Human Services Corporation - Casa Maria,691 E. Washington Blvd.,,Pasadena,CA,,,www.urdchsc.org,,,4151,The Agency Provides Shelter For Homeless Women Age 18 And Older Who Have A History Of Substance Abuse And Who Are In Pasadena.,91104,http://egis3.lacounty.gov/lms/?p=4151,publish,2010/11/01 19:50:56+00,
Current Services Locator,,Social Services,Homeless Shelters and Services,,LA County,Upward Bound - Family Place,1020 12Th St.,,Santa Monica,CA,,,www.upwardboundhouse.org,,,4152,The Agency Provides Transitional Shelter For Homeless Families With Children In West Los Angeles County.  Services Are Restricted To Santa Monica And West Los Angeles Residents.,90403,http://egis3.lacounty.gov/lms/?p=4152,publish,2010/11/01 19:50:56+00,
Current Services Locator,,Social Services,Homeless Shelters and Services,,LA County,Foothill Family Shelter,1501 W. 9Th St.,Ste. D,Upland,CA,"Monday through Sunday, 9:00am to 6:00pm.",,www.foothillfamilyshelter.org,,,4153,The Agency Provides Transitional Shelter For Homeless Families With Children.  It Is Not An Emergency Shelter.,91786,http://egis3.lacounty.gov/lms/?p=4153,publish,2010/11/01 19:50:56+00,
Current Services Locator,,Social Services,Homeless Shelters and Services,,LA County,La Posada,375 S. Columbia Ave.,,Los Angeles,CA,Window Service Hours,,www.neweconomicsforwomen.org,,,4154,The Agency Provides Transitional Shelter For Single Women With A Child Or Pregnant With Their First Child.,90017,http://egis3.lacounty.gov/lms/?p=4154,publish,2010/11/01 19:50:56+00,
211,,Social Services,Homeless Shelters and Services,,www.lbrm.org,Long Beach Rescue Mission,1335 Pacific Ave,,Long Beach,CA,"Monday through Sunday, 24 hours per day. ",,www.lbrm.org,,,56479,"The agency provides emergency food, shelter, clothing, counsel, spiritually-based adult rehabilitation transitional housing programs.",90813,http://egis3.lacounty.gov/lms/?p=56479,publish,2013/06/01 11:50:56+00,
211,,Social Services,Homeless Shelters and Services,,www.opcc.org,Ocean Park Community Center - Access Center,503 Olympic Blvd.,,Santa Monica,CA,"Monday, Wednesday, Thursday, and Friday, 9:00am to 5:00pm; Tuesday, 1:00pm to 5:00pm; and Saturday, 9:00am to 11:00am. ",,www.opcc.org,,,56594,"The agency administers a variety of services including counseling, clothing, emergency food, homeless support services, shelter and volunteer opportunities for people who live in the Santa Monica and West Los Angeles areas.",90401,http://egis3.lacounty.gov/lms/?p=56594,publish,2013/06/01 11:50:56+00,
211,,Social Services,Homeless Shelters and Services,,www.opcc.org,Ocean Park Community Center - Samoshel,505 Olympic Blvd.,,Santa Monica,CA,"Monday through Sunday, 24 hours per day. ",,www.opcc.org,,,56595,"The agency administers a variety of services including counseling, clothing, emergency food, homeless support services, shelter and volunteer opportunities for people who live in the Santa Monica and West Los Angeles areas.",90401,http://egis3.lacounty.gov/lms/?p=56595,publish,2013/06/01 11:50:56+00,
211,,Social Services,Homeless Shelters and Services,,NULL,Catholic Charities Of Los Angeles - Guadalupe Community Center,21600 Hart St.,,Canoga Park,CA,"Monday through Friday, 9:00am to 8:30pm. ",,,,,56642,"The agency is a community center which provides adult education, early childhood education, emergency food (through its Loaves and Fishes IV program), employment services for refugees, holiday assistance, youth recreation programs and senior programs for people in a specific area of the San Fernando Valley.",91303,http://egis3.lacounty.gov/lms/?p=56642,publish,2013/06/01 11:50:56+00,
211,,Social Services,Homeless Shelters and Services,,www.wlcac.org,Watts Labor Community Action Committee - Homeless Access Center,958 E 108Th St,,Los Angeles,CA,,,www.wlcac.org,,,56802,"The agency provides a homeless support services access center and shelter services, primarily for families who live in Los Angeles zip code 90059.",90059,http://egis3.lacounty.gov/lms/?p=56802,publish,2013/06/01 11:50:56+00,
211,,Social Services,Homeless Shelters and Services,,www.jovenesinc.org,Jovenes Inc - La Posada Shelter,1320 Pleasant Ave.,,Los Angeles,CA,"Monday through Sunday, 24 hours per day. ",,www.jovenesinc.org,,,56804,The agency provides a multipurpose center which offers a variety of services for people who are in the Los Angeles area.,90033,http://egis3.lacounty.gov/lms/?p=56804,publish,2013/06/01 11:50:56+00,
211,,Social Services,Homeless Shelters and Services,,www.stjosephctr.org,St. Joseph Center,204 Hampton Dr.,,Venice,CA,"Monday through Friday, 9:00am to 5:00pm. ",,www.stjosephctr.org,,,56820,The agency provides a variety of emergency and ongoing programs to assist low-income and homeless individuals and families in the West Los Angeles area.,90291,http://egis3.lacounty.gov/lms/?p=56820,publish,2013/06/01 11:50:56+00,
211,,Social Services,Homeless Shelters and Services,,www.stjosephctr.org,St. Joseph Center - Homeless Service Center,404 S. Lincoln Blvd.,,Venice,CA,,,www.stjosephctr.org,,,56823,The agency provides a variety of emergency and ongoing programs to assist low-income and homeless individuals and families in the West Los Angeles area.,90291,http://egis3.lacounty.gov/lms/?p=56823,publish,2013/06/01 11:50:56+00,
211,,Social Services,Homeless Shelters and Services,,www.harborinterfaith.org,Harbor Interfaith Family Shelter Program,663 W. 10th St.,,San Pedro,CA,"Monday through Sunday, 24 hours per day. ",,www.harborinterfaith.org,,,56892,"The agency provides advocacy services, emergency food, employment services, information and referral and shelter for people who live in the South Bay area.",90731,http://egis3.lacounty.gov/lms/?p=56892,publish,2013/06/01 11:50:56+00,
211,,Social Services,Homeless Shelters and Services,,Homeless Outreach Program/Integrated Care System (HOPICS),Homeless Outreach Program/Integrated Care System (HOPICS),5715 S. Broadway,,Los Angeles,CA,"Monday through Friday, 8:00am to 4:30pm",,www.ssgmain.org/,,,56896,"The agency provides advocacy, child care, HIV/AIDS services, holiday assistance, interpreter and translator services, personal goods, services for non-profit organizations, services for older adults, substance abuse services, and youth services in Los Angeles County.",90037,http://egis3.lacounty.gov/lms/?p=56896,publish,2013/05/28 17:36:57+00,Active
211,,Social Services,Homeless Shelters and Services,,,"California Council For Veterans' Affairs, Inc.",2501 W. Florence Ave.,,Los Angeles,CA,"Monday through Friday, 10:00am to 6:00pm",,,,,56928,"The agency provides advocacy, education services, employment services, shelter and support services for homeless female veterans and their families.  Services are targeted, but not restricted to people who live in South Central Los Angeles.",90043,http://egis3.lacounty.gov/lms/?p=56928,publish,2017/02/22 09:57:57+00,
211,,Social Services,Homeless Shelters and Services,,www.opcc.net,Daybreak Center,1614 Ocean Ave.,,Santa Monica,CA,,,www.opcc.net,,,56930,"The agency provides advocacy, emergency food, holiday assistance, homeless support services, mental health services for mentally ill women, shelter and volunteer opportunities primarily in West Los Angeles and Santa Monica area.",90401,http://egis3.lacounty.gov/lms/?p=56930,publish,2013/06/01 11:50:56+00,
211,,Social Services,Homeless Shelters and Services,,www.unionstationhs.org,Union Station - Adult Center,412 Raymond Ave.,,Pasadena,CA,"Monday through Sunday, 24 hours per day. ",,www.unionstationhs.org,,,56960,"The agency provides alcohol abuse services, emergency food, holiday assistance, homeless support services, information and referral, mental health services, personal enrichment and shelter for low-income and homeless people in the Pasadena area.",91105,http://egis3.lacounty.gov/lms/?p=56960,publish,2013/06/01 11:50:56+00,
211,,Social Services,Homeless Shelters and Services,,www.unionstationhs.org,Union Station Family Center,825 E. Orange Grove Blvd.,,Pasadena,CA,"Monday through Sunday, 24 hours per day. ",,www.unionstationhs.org,,,56961,"The agency provides alcohol abuse services, emergency food, holiday assistance, homeless support services, information and referral, mental health services, personal enrichment and shelter for low-income and homeless people in the Pasadena area.",91104,http://egis3.lacounty.gov/lms/?p=56961,publish,2013/06/01 11:50:56+00,
211,,Social Services,Homeless Shelters and Services,,www.unionstationhs.org,Union Station's Shelter Intake - Passageways,1020 S Arroyo Pkwy,,Pasadena,CA,,,www.unionstationhs.org,,,56962,"The agency provides alcohol abuse services, emergency food, holiday assistance, homeless support services, information and referral, mental health services, personal enrichment and shelter for low-income and homeless people in the Pasadena area.",91105,http://egis3.lacounty.gov/lms/?p=56962,publish,2013/06/01 11:50:56+00,
211,,Social Services,Homeless Shelters and Services,,www.proyectopastoral.org,Guadalupe Homeless Project/Cem,171 S. Gless St.,,Los Angeles,CA,"Monday through Sunday, 2:00pm to 5:00am. ",,www.proyectopastoral.org,,,57005,"The agency provides business services, child care, community services, homeless support services, shelter for homeless, volunteer opportunities and youth services to low-income people in the Spanish-speaking community of East Los Angeles.",90033,http://egis3.lacounty.gov/lms/?p=57005,publish,2013/06/01 11:50:56+00,
211,,Social Services,Homeless Shelters and Services,,www.proyectopastoral.org,Proyecto Pastoral At Dolores Mission,135 N. Mission Rd.,,Los Angeles,CA,,,www.proyectopastoral.org,,,57006,"The agency provides business services, child care, community services, homeless support services, shelter for homeless, volunteer opportunities and youth services to low-income people in the Spanish-speaking community of East Los Angeles.",90033,http://egis3.lacounty.gov/lms/?p=57006,publish,2013/06/01 11:50:56+00,
211,,Social Services,Homeless Shelters and Services,,NULL,Hope Again,5121 Sunset Blvd.,,Los Angeles,CA,,,,,,57051,The agency provides case management and shelter for people in Los Angeles County.,90027,http://egis3.lacounty.gov/lms/?p=57051,publish,2013/06/01 11:50:56+00,
211,,Social Services,Homeless Shelters and Services,,www.nvcsinc.org,North Valley Caring Services Inc,15453 Rayen St.,,North Hills,CA,"Monday through Friday, 8:00am to 5:00pm. ",,www.nvcsinc.org,,,57148,"The agency provides education services, emergency food, holiday assistance, homeless support services and recreational programs for people who live in North Hills.",91343,http://egis3.lacounty.gov/lms/?p=57148,publish,2013/06/01 11:50:56+00,
211,,Social Services,Homeless Shelters and Services,,www.urm.org,Union Rescue Mission,545 S. San Pedro St.,,Los Angeles,CA,"Monday through Sunday, 24 hours per day. ",,www.urm.org,,,57174,The agency provides Christian-oriented social services for people of all ages in the Skid Row area of downtown Los Angeles.,90013,http://egis3.lacounty.gov/lms/?p=57174,publish,2013/06/01 11:50:56+00,
211,,Social Services,Homeless Shelters and Services,,NULL,Arcadia Welfare And Thrift Shop,323 N. First St.,,Arcadia,CA,"Monday through Friday, 9:00am to 4:30pm ",,,,,57177,"The agency provides emergency food, financial assistance, household goods, motel vouchers, personal goods and thrift shops for people in Arcadia, including people who are homeless.",91006,http://egis3.lacounty.gov/lms/?p=57177,publish,2013/06/01 11:50:56+00,
211,,Social Services,Homeless Shelters and Services,,NULL,Emmanuel Baptist Rescue Mission,530 E. Fifth St.,,Los Angeles,CA,"Monday through Sunday, 24 hours per day. ",,NULL,,,57178,"The agency provides emergency food, holiday assistance and shelter for homeless men in the Skid Row area of downtown Los Angeles.",90013,http://egis3.lacounty.gov/lms/?p=57178,publish,2013/06/01 11:50:56+00,
211,,Social Services,Homeless Shelters and Services,,www.hoy-southbay.org,House Of Yahweh,4046 W. Marine Ave.,,Lawndale,CA,"Monday through Saturday, 9:00am to 3:30pm. ",,,,,57180,"The agency provides emergency food, homeless support services, personal goods, shelter and thrift shops for individuals and families who are in crisis and who live in the South Bay and Southwest areas of Los Angeles County.",90260,http://egis3.lacounty.gov/lms/?p=57180,publish,2013/06/01 11:50:56+00,
211,,Social Services,Homeless Shelters and Services,,www.lafh.org/,L A Family Housing Corporation,7843 Lankershim Blvd.,,North Hollywood,CA,"Monday through Friday, 8:30am to 5:00pm. ",,www.lafh.org/,,,57219,"The agency provides consumer assistance, employment services, homeless support services, shelter and volunteer opportunities for people in the San Fernando Valley and in East Los Angeles.",91605,http://egis3.lacounty.gov/lms/?p=57219,publish,2013/06/01 11:50:56+00,
211,,Social Services,Homeless Shelters and Services,,www.rainbowservicesdv.org,"Rainbow Services, Ltd.",453 W. 7th St.,,San Pedro,CA,"Monday through Sunday, 24 hours per day. ",,www.rainbowservicesdv.org,,,57269,The agency provides domestic violence services and shelter for individuals of all ages in Los Angeles County.,90731,http://egis3.lacounty.gov/lms/?p=57269,publish,2013/06/01 11:50:56+00,
211,,Social Services,Homeless Shelters and Services,,valleyoasis.org,Antelope Valley Domestic Violence Council - Homeless Solutions Access Center,45134 N. Sierra Hwy.,,Lancaster,CA,"Wednesday, by appointment only.  Monday, Tuesday, Thursday, Friday, 2:00pm to 5:00pm, by appointment only. ",,valleyoasis.org,,,57287,"The agency provides domestic violence services, homeless support services, shelter and thrift shops for people of all ages in Los Angeles County.",93534,http://egis3.lacounty.gov/lms/?p=57287,publish,2013/06/01 11:50:56+00,
211,,Social Services,Homeless Shelters and Services,,NULL,Los Angeles Centers For Alcohol And Drug Abuse - Homeless Outreach Project,612 E. 4th St.,,Los Angeles,CA,,,NULL,,,57298,"The agency provides domestic violence services, HIV/AIDS services, residential treatment for drug abuse services, and substance abuse services for adults and adolescents.",90013,http://egis3.lacounty.gov/lms/?p=57298,publish,2013/06/01 11:50:56+00,
211,,Social Services,Homeless Shelters and Services,,www.jointefforts.org,Joint Efforts Inc,505 S Pacific Ave,,San Pedro,CA,,,www.jointefforts.org,,,57357,"The agency provides substance abuse services to people in the South Bay, Harbor Gateway and Long Beach areas.",90731,http://egis3.lacounty.gov/lms/?p=57357,publish,2013/06/01 11:50:56+00,
211,,Social Services,Homeless Shelters and Services,,www.graceresources.org,Grace Resources Inc,45134 Sierra Hwy,,Lancaster,CA,"Monday through Friday, 9:00am to 5:00pm. ",,www.graceresources.org,,,57403,"The agency provides education services, emergency food, holiday assistance, personal goods and a thrift shop for people who live in the Antelope Valley, including people who are homeless and undocumented.",93534,http://egis3.lacounty.gov/lms/?p=57403,publish,2013/06/01 11:50:56+00,
211,,Social Services,Homeless Shelters and Services,,NULL,St. Anthony's Christian Service,1901 S. San Gabriel Blvd.,,San Gabriel,CA,"Monday through Friday, 9:00am to 12:00pm and 1:00pm to 7:30pm; Saturday, 9:00am to 12:00pm; Sunday, 9:00am to 12:00pm and 1:00pm to 2:30pm. ",,,,,57430,The agency provides emergency food and holiday assistance to people who live within the parish boundaries which are Valley Blvd.,91776,http://egis3.lacounty.gov/lms/?p=57430,publish,2013/06/01 11:50:56+00,
211,,Social Services,Homeless Shelters and Services,,www.our-redeemer.org,Redeemer Lutheran Outreach,20025 Chase St.,,Winnetka,CA,,,www.our-redeemer.org,,,57431,"The agency provides emergency food and homeless support services for low-income people who live in Canoga Park, Chatsworth, Granada Hills, Northridge, Reseda, Tarzana and Winnetka.",91306,http://egis3.lacounty.gov/lms/?p=57431,publish,2013/06/01 11:50:56+00,
211,,Social Services,Homeless Shelters and Services,,www.hollywoodsocialservices.org,Social Services At Blessed Sacrament Inc,6636 Selma Ave.,,Los Angeles,CA,,,www.hollywoodsocialservices.org,,,57493,The agency provides homeless support services for people who live in Los Angeles County.,90028,http://egis3.lacounty.gov/lms/?p=57493,publish,2013/06/01 11:50:56+00,
211,,Social Services,Homeless Shelters and Services,,www.burbanktemporaryaidcenter.org,Burbank Temporary Aid Center,1304 W. Burbank Blvd.,,Burbank,CA,,,,,,57494,"The agency provides emergency food, financial assistance, holiday assistance, homeless support services and shelter for people who live in Burbank.",91506,http://egis3.lacounty.gov/lms/?p=57494,publish,2013/06/01 11:50:56+00,
211,,Social Services,Homeless Shelters and Services,,www.glendalecorps.org/,Salvation Army Corps Community Center - Glendale,801 S. Central,,Glendale,CA,"Monday through Friday, 1:00pm to 4:00pm; some mornings by appointment only. ",,www.glendalecorps.org/,,,57496,"The agency provides emergency food, holiday assistance, nutrition programs, recreational programs and shelter for people who are primarily in the Glendale area.",91204,http://egis3.lacounty.gov/lms/?p=57496,publish,2013/06/01 11:50:56+00,
211,,Social Services,Homeless Shelters and Services,,www.salvationarmy-socal.org,Salvation Army Corps Community Center - Santa Monica,1533 4th St.,,Santa Monica,CA,,,www.salvationarmy-socal.org,,,57497,"The agency provides emergency food, homeless support services, holiday assistance, personal goods, services for older adults, recreational programs and utility bill assistance for people of all ages who are in Santa Monica, including people who are homeless.",90401,http://egis3.lacounty.gov/lms/?p=57497,publish,2013/06/01 11:50:56+00,
211,,Social Services,Homeless Shelters and Services,,www.salvationarmy-socal.org,Salvation Army Corps Community Center - Compton,736 E. Compton Blvd.,,Compton,CA,"Monday through Friday, 9:00am to 1:30pm; social services by appointment only. ",,www.salvationarmy-socal.org,,,57504,"The agency provides emergency food, holiday assistance, recreational programs, transportation, and utility bill assistance for families, couples and individuals who live in Compton and Lynwood zip codes 90220, 90221, 90222 and 90262.",90221,http://egis3.lacounty.gov/lms/?p=57504,publish,2013/06/01 11:50:56+00,
211,,Social Services,Homeless Shelters and Services,,www.catholiccharitiesla.org,Catholic Charities Of Los Angeles - San Juan Diego Center,4171 Tyler Ave.,,El Monte,CA,"SITE HOURS: Monday through Friday, 9:00am to 1:00pm. ",,www.catholiccharitiesla.org,,,57505,"The agency provides emergency food, holiday assistance and utility bill assistance for people in the San Gabriel Valley, including people who are homeless or undocumented.",91731,http://egis3.lacounty.gov/lms/?p=57505,publish,2013/06/01 11:50:56+00,
211,,Social Services,Homeless Shelters and Services,,www.sfcla.org,St. Francis Center - Los Angeles,1835 S. Hope St.,,Los Angeles,CA,"Breakfast is served Tuesday through Friday, 7:30am to 9:00am; Saturday, 8:30am to 10:00am. Sack lunches distributed Monday through Saturday, 1:00pm to 1:30pm.  Mail distribution hours are Monday through Friday, 9:00am to 9:15am and 1:00pm to 1:30pm. Family food program is Tuesday, Thursday and Saturday, 11:00am to 12:30pm. Senior brown bag program is Friday, 11:00am to 12:30pm. ",,www.sfcla.org,,,57511,"The agency provides emergency food, holiday assistance, homeless support services, and personal goods, and volunteer opportunities for low-income people in the garment district of Los Angeles, including people who are homeless.",90015,http://egis3.lacounty.gov/lms/?p=57511,publish,2013/06/01 11:50:56+00,
211,,Social Services,Homeless Shelters and Services,,www.midnightmission.org,Midnight Mission,601 S. San Pedro St.,,Los Angeles,CA,"Monday through Friday, 7:00am to 5:00pm. ",,www.midnightmission.org,,,57512,"The agency provides emergency food, holiday assistance, homeless supportive services, housing services, personal goods and shelter for single men and women in the Skid Row area of downtown Los Angeles.",90014,http://egis3.lacounty.gov/lms/?p=57512,publish,2013/06/01 11:50:56+00,
211,,Social Services,Homeless Shelters and Services,,www.salvationarmy-socal.org,Salvation Army Corps Community Center - Pasadena,1000 E. Walnut St.,,Pasadena,CA,"Monday through Friday, 9:00am to 11:30am. ",,www.salvationarmy-socal.org,,,57515,"The agency provides emergency food, holiday assistance, personal goods, recreational programs for people in Altadena, Arcadia, Pasadena, Sierra Madre and South Pasadena.",91106,http://egis3.lacounty.gov/lms/?p=57515,publish,2013/06/01 11:50:56+00,
211,,Social Services,Homeless Shelters and Services,,www.salvationarmy-socal.org,Salvation Army Corps Community Center - Whittier,7926 S. Pickering Ave.,,Whittier,CA,"Monday through Friday, 9:00am to 12:00 noon;  1:00pm to 3:00pm. ",,www.salvationarmy-socal.org,,,57516,"The agency provides emergency food, holiday assistance, personal goods, recreational programs and utility bill assistance for people who live in Whittier and the surrounding cities of Baldwin Park, City of Industy, Hacienda Heights, La Habra Heights, La Puente, Rowland Heights and South El Monte.",90602,http://egis3.lacounty.gov/lms/?p=57516,publish,2013/06/01 11:50:56+00,
211,,Social Services,Homeless Shelters and Services,,NULL,Salvation Army Corps Community Center - East Los Angeles Temple,140 N. Eastman Ave.,,Los Angeles,CA,"Monday through Friday 9:00am to 11:40am, and 12:30pm to 3:30pm.  ",,NULL,,,57517,The agency provides emergency food and transportation for people who live in the East Los Angeles area.,90063,http://egis3.lacounty.gov/lms/?p=57517,publish,2013/06/01 11:50:56+00,
211,,Social Services,Homeless Shelters and Services,,www.beaconlightmission.org,Southern California Floating Christian Endeavor Association Inc - Beacon Light Mission,525 N. Broad Ave.,,Wilmington,CA,"Monday through Friday, 9:00am to 7:00pm; Saturday and Sunday, 4:00pm to 7:00pm. ",,www.beaconlightmission.org,,,57521,"The agency provides emergency food, homeless support services, holiday assistance and shelter for men who are in Los Angeles County.",90744,http://egis3.lacounty.gov/lms/?p=57521,publish,2013/06/01 11:50:56+00,
211,,Social Services,Homeless Shelters and Services,,www.cityofpalmdale.org/departments/saves/,South Antelope Valley Emergency Services,1002 E Ave Q12, ,Palmdale,CA,"Monday through Thursday, 8:00am to 5:00pm. ",,,,,57524,"The agency provides emergency food, personal goods, and shelter for South Antelope Valley residents.",93550,http://egis3.lacounty.gov/lms/?p=57524,publish,2013/06/01 11:50:56+00,
211,,Social Services,Homeless Shelters and Services,,www.epath.org,People Assisting The Homeless,340 N. Madison Ave.,,Los Angeles,CA,"SITE HOURS: Monday through Friday, 7:30am to 4:00pm. ",,www.epath.org,,,57540,"The agency provides employment services, homeless support services and transitional shelter for homeless adults.",90004,http://egis3.lacounty.gov/lms/?p=57540,publish,2013/06/01 11:50:56+00,
211,,Social Services,Homeless Shelters and Services,,www.epath.org,People Assisting The Homeless - Hollywood Center,5627 Fernwood Ave.,,Hollywood,CA,"Monday through Friday, 7:30am to 4:00pm; individuals can receive a number and start lining up at 6:00am. ",,www.epath.org,,,57541,"The agency provides employment services, homeless support services and transitional shelter for homeless adults.",90028,http://egis3.lacounty.gov/lms/?p=57541,publish,2013/06/01 11:50:56+00,
211,,Social Services,Homeless Shelters and Services,,,People Assisting the Homeless (PATH) -  West Los Angeles,2346 Cotner Ave.,,Los Angeles,CA,"Monday through Thursday, 8:30am to 4:00pm",,www.epath.org,,,57543,"The agency provides employment services, homeless support services and transitional shelter for homeless adults.  Services are provided from four locations.",90064,http://egis3.lacounty.gov/lms/?p=57543,publish,2013/05/29 15:00:17+00,
211,,Social Services,Homeless Shelters and Services,,NULL,Catholic Charities - Pomona Community Services,1460 E Holt Ave,,Pomona,CA,"Monday through Friday, 9:00am to 5:00pm. ",,,,,57620,"The agency provides shelter and utility bill assistance for low income people who live in the Pomona Valley, including people who receive public assistance and people who are undocumented.",91767,http://egis3.lacounty.gov/lms/?p=57620,publish,2013/06/01 11:50:56+00,
211,,Social Services,Homeless Shelters and Services,,NULL,St. Ambrose Episcopal Church,830 W Bonita Ave,,Claremont,CA,,,,,,57741,The agency provides holiday assistance for people who live in the Pomona Valley and Inland Empire.,91711,http://egis3.lacounty.gov/lms/?p=57741,publish,2013/06/01 11:50:56+00,
211,,Social Services,Homeless Shelters and Services,,www.village-isa.org,Mental Health America Of Los Angeles - Long Beach,456 Elm Ave.,,Long Beach,CA,"Monday through Friday, 9:00am to 5:00pm. ",,www.village-isa.org,,,57763,The agency provides homeless support services and mental health services for people in the Long Beach area.,90802,http://egis3.lacounty.gov/lms/?p=57763,publish,2013/06/01 11:50:56+00,
211,,Social Services,Homeless Shelters and Services,,www.myfriendsplace.org,My Friend's Place,5850 Hollywood Blvd.,,Hollywood,CA,,,www.myfriendsplace.org,,,57764,The agency provides homeless support services and runaway services for youth and young adults who are in the Hollywood area.,90028,http://egis3.lacounty.gov/lms/?p=57764,publish,2013/06/01 11:50:56+00,
211,,Social Services,Homeless Shelters and Services,,www.weingart.org,Weingart Center Association,501 E 6Th St,,Los Angeles,CA,"Monday through Sunday, 24 hours per day. ",,www.weingart.org,,,57766,The agency provides homeless support services and shelter for adults primarily in the Downtown Skid Row area of Los Angeles.,90021,http://egis3.lacounty.gov/lms/?p=57766,publish,2013/06/01 11:50:56+00,
211,,Social Services,Homeless Shelters and Services,,www.voala.org,Volunteers Of America - Greater Los Angeles - West Covina Outreach And Access Center,1760 W Cameron Ave,,West Covina,CA,"Monday through Friday, 8:00am to 4:30pm. ",,www.voala.org,,,57768,The agency provides homeless support services for people of all ages in Los Angeles County.,91790,http://egis3.lacounty.gov/lms/?p=57768,publish,2013/06/01 11:50:56+00,
211,,Social Services,Homeless Shelters and Services,,www.svdpla.org,Society Of St. Vincent De Paul - Social Services Department,231 Winston St.,,Los Angeles,CA,"Monday through Sunday, 24 hours per day. ",,www.svdpla.org,,,57769,The agency provides homeless support services and shelter for people who are primarily in the Skid Row area of downtown Los Angeles.,90013,http://egis3.lacounty.gov/lms/?p=57769,publish,2013/06/01 11:50:56+00,
211,,Social Services,Homeless Shelters and Services,,NULL,Pomona Neighborhood Center,999 W. Holt Ave.,,Pomona,CA,,,,,,57770,The agency provides homeless support services for people who live in the Pomona Valley.,91768,http://egis3.lacounty.gov/lms/?p=57770,publish,2013/06/01 11:50:56+00,
211,,Social Services,Homeless Shelters and Services,,www.layn.org,Los Angeles Youth Network - Gower Youth Shelter,1550 N. Gower St.,,Los Angeles,CA,"Monday through Sunday, 24 hours per day. ",,www.layn.org,,,58024,The agency provides runaway services and a shelter for youth in Los Angeles County.,90028,http://egis3.lacounty.gov/lms/?p=58024,publish,2013/06/01 11:50:56+00,
211,,Social Services,Homeless Shelters and Services,,www.layn.org,Los Angeles Youth Network Taft House,1754 Taft Ave.,,Hollywood,CA,"Monday through Sunday, 24 hours per day. ",,www.layn.org,,,58025,The agency provides shelter for youth in crisis who are in Los Angeles County.,90028,http://egis3.lacounty.gov/lms/?p=58025,publish,2013/06/01 11:50:56+00,
211,,Social Services,Homeless Shelters and Services,,www.covenanthouseca.org,Covenant House California,1325 N. Western Ave.,,Hollywood,CA,"Monday through Sunday, 24 hours per day. ",,www.covenanthouseca.org,,,58026,The agency provides runaway services and shelter for homeless and at-risk youth who are in Los Angeles County.,90027,http://egis3.lacounty.gov/lms/?p=58026,publish,2013/08/13 08:56:19+00,
211,,Social Services,Homeless Shelters and Services,,NULL,My Club Drop In Center,8705 S. Vermont,,Los Angeles,CA,"Monday through Friday, 10:00am to 6:00pm. ",,,,,58027,"The agency provides runaway services and shelter for runaway, homeless and at-risk youth in Los Angeles County.",90044,http://egis3.lacounty.gov/lms/?p=58027,publish,2013/06/01 11:50:56+00,
211,,Social Services,Homeless Shelters and Services,,NULL,Catholic Charities Of Los Angeles - Our Lady Of The Angels Region - Metro Area - Angel's Flight Runaway And Homeless Youth Services,357 S. Westlake Ave.,,Los Angeles,CA,"Monday through Sunday, 24 hours per day. ",,,,,58028,"The agency provides runaway services and shelter for runaway, homeless and at-risk youth in Los Angeles County.",90057,http://egis3.lacounty.gov/lms/?p=58028,publish,2013/06/01 11:50:56+00,
211,,Social Services,Homeless Shelters and Services,,www.womenshelterlb.com/,Womenshelter Of Long Beach,930 Pacific Ave.,,Long Beach,CA,"Monday through Friday, 8:00am to 5:00pm. ",,www.womenshelterlb.com/,,,58152,The agency provides shelter and domestic violence services for victims of domestic violence and their children as well as volunteer opportunities for individuals living in Los Angeles County.,90813,http://egis3.lacounty.gov/lms/?p=58152,publish,2013/06/01 11:50:56+00,
211,,Social Services,Homeless Shelters and Services,,www.houseofhopela.com,House Of Hope,1115 N. Normandie Ave.,,Los Angeles,CA,"SITE HOURS: Monday through Sunday, 24 hours per day. ",,,,,58153,"The agency provides shelter and emergency food for men and women, including ex-offenders and General Relief recipients.",90029,http://egis3.lacounty.gov/lms/?p=58153,publish,2013/06/01 11:50:56+00,
211,,Social Services,Homeless Shelters and Services,,www.gospelmissions.org,Gospel Missions Of America,1803 Nausika Ave.,,Rowland Heights,CA,"Intake Hours: Tuesday through Friday, 9:00am to 6:00pm. Shelter hours Monday through Sunday, 24 hours per day. ",,www.gospelmissions.org,,,58154,The agency provides shelter for adults 18 years and older in Los Angeles County.,91748,http://egis3.lacounty.gov/lms/?p=58154,publish,2013/06/01 11:50:56+00,
211,,Social Services,Homeless Shelters and Services,,NULL,Peregrinos De Emaus Inc,447 N. Soldano Ave.,,Azusa,CA,"Monday through Sunday, 24 hours per day. ",,,,,58159,"The agency provides shelter for men in Los Angeles County, including men who are undocumented.",91702,http://egis3.lacounty.gov/lms/?p=58159,publish,2013/06/01 11:50:56+00,
211,,Social Services,Homeless Shelters and Services,,NULL,Lancaster Community Shelter For The Homeless,44611 Yucca Ave.,,Lancaster,CA,"Monday through Friday, 8:00am to 4:00pm. ",,,,,58164,"The agency provides shelter for singles, couples and families who are homeless in the Lancaster/Palmdale area.",93534,http://egis3.lacounty.gov/lms/?p=58164,publish,2013/06/01 11:50:56+00,
211,,Social Services,Homeless Shelters and Services,,www.lahsa.org,Year Round Pick-Up Site - Antelope Valley Access Center,45134 N. Sierra Hwy.,,Lancaster,CA,"Monday through Friday, 3:15pm. ",,www.lahsa.org,,,58167,"The agency provides shelter, motel vouchers and transportation to homeless individuals and families.",93534,http://egis3.lacounty.gov/lms/?p=58167,publish,2013/06/01 11:50:56+00,
211,,Social Services,Homeless Shelters and Services,,www.lahsa.org,Year Round Pick-Up Site - Mental Health Association,43423 Division St.,,Lancaster,CA,"Monday through Friday, 2:25pm. ",,www.lahsa.org,,,58170,"The agency provides shelter, motel vouchers and transportation to homeless individuals and families.",93535,http://egis3.lacounty.gov/lms/?p=58170,publish,2013/06/01 11:50:56+00,
211,,Social Services,Homeless Shelters and Services,,www.lahsa.org,Year Round Pick-Up Site - Department Of Mental Health,349 E. Avenue K-6,,Lancaster,CA,"Monday through Friday, 3:25pm. ",,www.lahsa.org,,,58171,"The agency provides shelter, motel vouchers and transportation to homeless individuals and families.",93535,http://egis3.lacounty.gov/lms/?p=58171,publish,2013/06/01 11:50:56+00,
211,,Social Services,Homeless Shelters and Services,,www.lahsa.org,Year Round Pick-Up Site - Catholic Charities Community Center,123 W 14Th St,,Long Beach,CA,Pick-up hours vary. ,,www.lahsa.org,,,58177,"The agency provides shelter, motel vouchers and transportation to homeless individuals and families.",90813,http://egis3.lacounty.gov/lms/?p=58177,publish,2013/06/01 11:50:56+00,
211,,Social Services,Homeless Shelters and Services,,www.lahsa.org,Year Round Pick-Up Site - Long Beach Multi-Service Center,1301 W. 12th St.,,Long Beach,CA,,,www.lahsa.org,,,58179,"The agency provides shelter, motel vouchers and transportation to homeless individuals and families.",90813,http://egis3.lacounty.gov/lms/?p=58179,publish,2013/06/01 11:50:56+00,
211,,Social Services,Homeless Shelters and Services,,www.lahsa.org,Year Round Shelter - Salvation Army,832 W. James M. Wood Blvd.,,Los Angeles,CA,"Monday througfh Sunday, 24 hours per day. PICK UP POINTS AND HOURS No transportation pick-up sites to this shelter.  ",,www.lahsa.org,,,58183,"The agency provides shelter, motel vouchers and transportation to homeless individuals and families.",90015,http://egis3.lacounty.gov/lms/?p=58183,publish,2013/06/01 11:50:56+00,
211,,Social Services,Homeless Shelters and Services,,www.lahsa.org,Year Round Shelter - Sro Housing,403 E. 5th St.,,Los Angeles,CA,"Monday through Friday, 7:00am to 5:00pm. PICK-UP POINTS AND HOURS N/A ",,www.lahsa.org,,,58184,"The agency provides shelter, motel vouchers and transportation to homeless individuals and families.",90013,http://egis3.lacounty.gov/lms/?p=58184,publish,2013/06/01 11:50:56+00,
211,,Social Services,Homeless Shelters and Services,,www.lahsa.org,Year Round Shelter - Los Angeles Family Housing,7843 Lankershim Blvd.,,North Hollywood,CA,"Monday through Friday, 9:00am to 5:00pm. PICK-UP POINTS AND HOURS N/A ",,www.lahsa.org,,,58186,"The agency provides shelter, motel vouchers and transportation to homeless individuals and families.",91605,http://egis3.lacounty.gov/lms/?p=58186,publish,2013/06/01 11:50:56+00,
211,,Social Services,Homeless Shelters and Services,,www.lahsa.org,"Year Round Shelter - Mjb Recovery, Inc.",11152 S Main St,,Los Angeles,CA,"Monday through Sunday, 24 hours per day. ",,www.lahsa.org,,,58187,"The agency provides shelter, motel vouchers and transportation to homeless individuals and families.",90061,http://egis3.lacounty.gov/lms/?p=58187,publish,2013/06/01 11:50:56+00,
211,,Social Services,Homeless Shelters and Services,,www.lahsa.org,Year Round Shelter - Volunteers Of America - Pathway To Home,3804 Broadway Pl.,,Los Angeles,CA,"Monday through Sunday, 24 hours per day. PICK UP POINTS AND HOURS Downtown Drop-In Center       628 S. San Julian St.       Los Angeles, CA 90013       3:00pm       This pick-up site is for women only.       Los Angeles Mission       434 Wall St., Los Angeles 90013       4:30pm, 5:30pm, 6:30pm        This pick-up site is for men only.  ",,www.lahsa.org,,,58188,"The agency provides shelter, motel vouchers and transportation to homeless individuals and families.",90037,http://egis3.lacounty.gov/lms/?p=58188,publish,2013/06/01 11:50:56+00,
211,,Social Services,Homeless Shelters and Services,,www.lahsa.org,"Year Round Shelter - Jovenes, Inc.",1208 Pleasant Ave.,,Los Angeles,CA,"Monday through Sunday, 24 hours per day. PICK UP POINTS AND HOURS No transportation pick-up sites to this shelter.  ",,www.lahsa.org,,,58189,"The agency provides shelter, motel vouchers and transportation to homeless individuals and families.",90033,http://egis3.lacounty.gov/lms/?p=58189,publish,2013/06/01 11:50:56+00,
211,,Social Services,Homeless Shelters and Services,,www.lahsa.org,Year Round Shelter - Covenant House,1325 N. Western Ave.,,Hollywood,CA,"Monday through Sunday, 24 hours per day. PICK UP POINTS AND HOURS No transportation pick-up sites to this shelter.  ",,www.lahsa.org,,,58190,"The agency provides shelter, motel vouchers and transportation to homeless individuals and families.",90027,http://egis3.lacounty.gov/lms/?p=58190,publish,2013/06/01 11:50:56+00,
211,,Social Services,Homeless Shelters and Services,,www.lahsa.org,Year Round Shelter - Lancaster Community Shelter,44611 Yucca Ave.,Catholic Charities - Lancaster,Lancaster,CA,"Monday through Sunday, 24 hours per day. PICK-UP POINTS AND HOURS Antelope Valley Access Center       45134 N. Sierra Highway       Lancaster, CA 93535       3:30pm; 4:00pm       Mental Health Association       43423 Division       Lancaster, CA 93535       3:45pm; 4:10pm       Department of Mental Health       349 E. Avenue K-6       Lancaster, CA 93535       3:55pm; 4:20pm  ",,www.lahsa.org,,,58191,"The agency provides shelter, motel vouchers and transportation to homeless individuals and families.",93534,http://egis3.lacounty.gov/lms/?p=58191,publish,2013/06/01 11:50:56+00,
211,,Social Services,Homeless Shelters and Services,,www.lahsa.org,Year Round Shelter - Proyecto Pastoral At Dolores Mission,171 S. Gless St.,,Los Angeles,CA,"Monday through Sunday, 24 hours per day. PICK-UP POINTS AND HOURS Exterior of LADOT Bus Lay-Over Zone       Northeast Corner       Vignes St. and Cesar Chavez       Los Angeles, CA 90012       4:00pm  ",,www.lahsa.org,,,58192,"The agency provides shelter, motel vouchers and transportation to homeless individuals and families.",90033,http://egis3.lacounty.gov/lms/?p=58192,publish,2013/06/01 11:50:56+00,
211,,Social Services,Homeless Shelters and Services,,www.lahsa.org,Year Round Shelter - Eimago (Union Rescue Mission),545 S. San Pedro St.,,Los Angeles,CA,"Monday through Sunday, 24 hours per day. PICK-UP POINTS AND HOURS Twin Towers/Men Central Jail       451 Bauchet Ave.       Los Angeles, CA 90012       5:00pm       Los Angeles Union Station       Northeast Corner of Olvera St. @ Alameda St.       Los Angeles, CA 90012       5:15pm       Public Storage       1215 7th St.       Los Angeles, CA 90021       5:30pm  ",,www.lahsa.org,,,58194,"The agency provides shelter, motel vouchers and transportation to homeless individuals and families.",90013,http://egis3.lacounty.gov/lms/?p=58194,publish,2013/06/01 11:50:56+00,
211,,Social Services,Homeless Shelters and Services,,www.friendshelpingfriendsla.org,Friends Helping Friends Sober And Transitional Living Inc,3701 Cherrywood Ave.,,Los Angeles,CA,"Intake:  Monday through Friday, 10:00am to 4:00pm.  Services:  Monday through Sunday, 24 hours per day. ",,www.friendshelpingfriendsla.org,,,58311,The agency provides transitional housing for men and women over the age of 18.,90018,http://egis3.lacounty.gov/lms/?p=58311,publish,2013/06/01 11:50:56+00,
211,,Social Services,Homeless Shelters and Services,,NULL,Good Shepherd Shelter,2561 W. Venice Blvd.,,Los Angeles,CA,,,,,,58312,The agency provides transitional shelter for battered women and their children who live in Los Angeles County.,90019,http://egis3.lacounty.gov/lms/?p=58312,publish,2013/06/01 11:50:56+00,
211,,Social Services,Homeless Shelters and Services,,www.lsssc.org,Lutheran Social Services Of Southern California - San Fernando And Santa Clarita Valley Area Office,6425 Tyrone Ave.,,Van Nuys,CA,,,www.lsssc.org,,,58425,The area office provides administrative support for the programs of Lutheran Social Services in the San Fernando Valley area.,91401,http://egis3.lacounty.gov/lms/?p=58425,publish,2013/06/01 11:50:56+00,
211,,Social Services,Homeless Shelters and Services,,www.sucasadv.org,Su Casa - Ending Domestic Violence,3840 Woodruff Ave.,Administrative Office| Suite 203,Long Beach,CA,"Monday through Friday, 8:00am to 5:00pm. ",,www.sucasadv.org,,,58587,"The center provides domestic violence services for people of all ages, including transgendered individuals, a shelter for battered persons and their children and volunteer opportunities.",90808,http://egis3.lacounty.gov/lms/?p=58587,publish,2013/06/01 11:50:56+00,
211,,Social Services,Homeless Shelters and Services,,www.dwcweb.org,Downtown Women's Center,442 S San Pedro St,,Los Angeles,CA,"Monday through Friday, 6:00am to 4:00pm; Saturday and Sunday, 7:00am to 3:00pm. ",,www.dwcweb.org,,,58625,The center provides emergency food and homeless support services for single women and housing for homeless mentally ill and/or adult women in the Skid Row area of Los Angeles.,90013,http://egis3.lacounty.gov/lms/?p=58625,publish,2013/06/01 11:50:56+00,
211,,Social Services,Homeless Shelters and Services,,NULL,Testimonial Community Love Center,5721 S. Western Ave.,,Los Angeles,CA,"Monday through Friday, 8:00am to 4:00pm. ",,,,,58630,"The center provides emergency food, employment services, holiday assistance and shelter for people in South Central Los Angeles, including people who are homeless or undocumented.",90062,http://egis3.lacounty.gov/lms/?p=58630,publish,2013/06/01 11:50:56+00,
211,,Social Services,Homeless Shelters and Services,,www.foothillunitycenter.org,Foothill Unity Center Inc - Monrovia,415 W. Chestnut Ave.,,Monrovia,CA,"Monday through Friday, 9:00am to 5:00pm. ",,www.foothillunitycenter.org,,,58634,"The center provides emergency food, health services, holiday assistance, and shelter for people who live in the eleven city service area of Altadena, Arcadia, Azusa, Baldwin Park, Bradbury, Duarte, Irwindale, Monrovia, Pasadena, South Pasadena and Sierra Madre.",91016,http://egis3.lacounty.gov/lms/?p=58634,publish,2013/06/01 11:50:56+00,
211,,Social Services,Homeless Shelters and Services,,www.gschomeless.org/,Good Shepherd Center For Homeless Women - Hawkes Transitional Residence,1640 Rockwood St.,,Los Angeles,CA,"Monday through Sunday, 24 hours per day. ",,www.gschomeless.org/,,,58638,"The center provides emergency food, homeless support services, housing services and shelter primarily for women in the Echo Park and MacArthur Park/Wilshire district.",90026,http://egis3.lacounty.gov/lms/?p=58638,publish,2013/06/01 11:50:56+00,
211,,Social Services,Homeless Shelters and Services,,www.gschomeless.org/,Good Shepherd Center For Homeless Women - Languille Residence - Emergency Shelter,267 N. Belmont Ave.,,Los Angeles,CA,"Monday through Sunday, 24 hours per day. ",,www.gschomeless.org/,,,58640,"The center provides emergency food, homeless support services, housing services and shelter primarily for women in the Echo Park and MacArthur Park/Wilshire district.",90026,http://egis3.lacounty.gov/lms/?p=58640,publish,2013/06/01 11:50:56+00,
211,,Social Services,Homeless Shelters and Services,,catholiccharitiesla.org,Catholic Charities Of Los Angeles - St. Robert's Center,211 3Rd Ave,,Venice,CA,,,,,,58643,"The center provides emergency food, information and referral for residents of Santa Monica, Venice, LAX Airport, West Los Angeles, Beverly Hills, and Culver City areas, including Malibu, Topanga, Pacific Palisades, Brentwood and Bel Air.",90291,http://egis3.lacounty.gov/lms/?p=58643,publish,2013/06/01 11:50:56+00,
211,,Social Services,Homeless Shelters and Services,,City Of Refuge Rescue Ministry,City Of Refuge Rescue Ministry,823 W. Manchester Blvd.,,Los Angeles,CA,"Monday, Tuesday, Thursday 8:30am to 4:30pm; every other Friday, 8:30am to 3:30pm.  Wednesday by appointment only.",,,,,58868,"The church provides emergency food, holiday assistance and personal goods for people who are in Los Angeles County, including people who are homeless and undocumented.",90044,http://egis3.lacounty.gov/lms/?p=58868,publish,2013/05/29 18:27:57+00,
211,,Social Services,Homeless Shelters and Services,,NULL,First United Methodist Church Of Compton,1025 S. Long Beach Blvd.,,Compton,CA,"Monday through Thursday, 10:00am to 4:00pm. ",,,,,58875,The church provides emergency food assistance and holiday assistance for people who live in Compton.,90221,http://egis3.lacounty.gov/lms/?p=58875,publish,2013/06/01 11:50:56+00,
211,,Social Services,Homeless Shelters and Services,,,St. Agnes Catholic Church,2625 S. Vermont Ave.,,Los Angeles,CA,"Monday, Tuesday, Thursday and Friday, 9:00am to 10:30am",,,,,58884,"The church provides emergency food for people who live within parish boundaries which include parts of Los Angeles zip codes 90007, and small sections of 90018 and 90037. See service text for parish boundaries.",90007,http://egis3.lacounty.gov/lms/?p=58884,publish,2013/05/29 18:32:35+00,
211,,Social Services,Homeless Shelters and Services,,NULL,St. Matthias Episcopal Church,7056 S. Washington Ave.,,Whittier,CA,"Monday, Friday, 12:00 noon to 4:00pm; Tuesday, Wednesday, Thursday, 9:00am to 4:00pm. ",,,,,58885,"The church provides emergency food, holiday assistance and homeless support services to anyone in Whittier and surrounding areas.",90602,http://egis3.lacounty.gov/lms/?p=58885,publish,2013/06/01 11:50:56+00,
211,,Social Services,Homeless Shelters and Services,,,St. Mark's Evangelical Lutheran Church,3651 S. Vermont Ave.,,Los Angeles,CA,"Food intake hours are Tuesday and Thursday, 11:00am to 1:00pm.  Food distribution is on the fourth Saturday of each month at 11:00am.  The meal is served Monday through Friday, 11:00am to 1:00pm and the fourth Saturday of the month at 11:30am. ",,,,,58888,"The church provides emergency food and holiday assistance for people who live in Los Angeles County, including people who are homeless.",90007,http://egis3.lacounty.gov/lms/?p=58888,publish,2013/05/29 18:29:22+00,
211,,Social Services,Homeless Shelters and Services,,www.losangelesmission.org,Los Angeles Mission,303 E. 5th St.,,Los Angeles,CA,"SITE HOURS: Monday through Saturday, 6:00am to 4:00pm; Monday through Saturday, 6:00pm to 7:00pm ",,www.losangelesmission.org,,,60003,"The mission provides a variety of Christian-oriented emergency services including adult education, emergency food, holiday assistance, homeless support services and shelter for homeless men 18 years and older who are in the Central Los Angeles/Skid Row area.",90013,http://egis3.lacounty.gov/lms/?p=60003,publish,2013/06/01 11:50:56+00,
211,,Social Services,Homeless Shelters and Services,,www.fjm.org,Fred Jordan Mission,445 Towne Ave.,,Los Angeles,CA,"Monday through Sunday, 24 hours per day. ",,www.fjm.org,,,60004,"The mission provides emergency food, holiday assistance, personal enrichment, personal goods, shelter for the homeless in the Skid Row area of downtown Los Angeles and volunteer opportunities.",90013,http://egis3.lacounty.gov/lms/?p=60004,publish,2013/06/01 11:50:56+00,
211,,Social Services,Homeless Shelters and Services,,www.sfvrescuemission.org,Our Redeemer Lutheran Church - Sfv Rescue Mission,8520 Winnetka Ave.,,Winnetka,CA,"Friday, 8:30am to 10:30am and 12:00pm to 1:00pm. ",,www.sfvrescuemission.org,,,60005,"The mission provides emergency food, holiday assistance, homeless support services, shelter, thrift shops and volunteer opportunities for people in the San Fernando Valley.",91306,http://egis3.lacounty.gov/lms/?p=60005,publish,2013/06/01 11:50:56+00,
211,,Social Services,Homeless Shelters and Services,,www.sfvrescuemission.org,Lutheran Social Services/Central Lutheran Church - Sfv Rescue Mission,6425 Tyrone Blvd.,,Van Nuys,CA,"Thursday, 8:30am to 10:30am and 12:00pm to 1:00pm. ",,www.sfvrescuemission.org,,,60008,"The mission provides emergency food, holiday assistance, homeless support services, shelter, thrift shops and volunteer opportunities for people in the San Fernando Valley.",91401,http://egis3.lacounty.gov/lms/?p=60008,publish,2013/06/01 11:50:56+00,
211,,Social Services,Homeless Shelters and Services,,www.sfvrescuemission.org,San Fernando Valley Rescue Mission,13422 Saticoy St.,,North Hollywood,CA,"Monday through Friday, 8:30am to 5:00pm. ",,www.sfvrescuemission.org,,,60009,"The mission provides emergency food, holiday assistance, homeless support services, shelter, thrift shops and volunteer opportunities for people in the San Fernando Valley.",91605,http://egis3.lacounty.gov/lms/?p=60009,publish,2013/06/01 11:50:56+00,
211,,Social Services,Homeless Shelters and Services,,www.sfvrescuemission.org,North Hollywood 1St Baptist Church - Sfv Rescue Mission,11210 Otsego St.,,North Hollywood,CA,,,www.sfvrescuemission.org,,,60020,"The mission provides emergency food, holiday assistance, homeless support services, shelter, thrift shops and volunteer opportunities for people in the San Fernando Valley.",91601,http://egis3.lacounty.gov/lms/?p=60020,publish,2013/06/01 11:50:56+00,
211,,Social Services,Homeless Shelters and Services,,www.catholiccharitiesla.org/sanpedro.html,Catholic Charities Of Los Angeles - San Pedro Region - Long Beach Community Services Center,123 E. 14th St.,,Long Beach,CA,,,www.catholiccharitiesla.org/sanpedro.html,,,60044,"The office administers a number of community centers and program offices within the San Pedro Pastoral Region, which extends from Palos Verdes to Pico Rivera on the north to Long Beach on the south.",90813,http://egis3.lacounty.gov/lms/?p=60044,publish,2013/06/01 11:50:56+00,
211,,Social Services,Homeless Shelters and Services,,www.COAlongbeach.org,Christian Outreach In Action,515 E. 3rd St.,,Long Beach,CA,,,www.COAlongbeach.org,,,60138,"The organization provides emergency food, holiday assistance, homeless support services, personal goods and shelter for people who are in the Long Beach area, including people who are homeless.",90802,http://egis3.lacounty.gov/lms/?p=60138,publish,2013/06/01 11:50:56+00,
211,,Social Services,Homeless Shelters and Services,,www.COAlongbeach.org,Christian Outreach In Action - Transitional Housing,1950 Chestnut Ave.,,Long Beach,CA,"Monday through Sunday, 24 hours per day. ",,www.COAlongbeach.org,,,60139,"The organization provides emergency food, holiday assistance, homeless support services, personal goods and shelter for people who are in the Long Beach area, including people who are homeless.",90806,http://egis3.lacounty.gov/lms/?p=60139,publish,2013/06/01 11:50:56+00,
211,,Social Services,Homeless Shelters and Services,,www.losangelesmission.org,Anne Douglas Center Of The Los Angeles Mission,310 Winston St.,,Los Angeles,CA,"Monday through Sunday, 24 hours per day. ",,www.losangelesmission.org,,,60318,"The program provides Christian-oriented homeless support services, personal goods and substance abuse services for low-income and homeless women and women with children in the Skid Row area of downtown Los Angeles.",90013,http://egis3.lacounty.gov/lms/?p=60318,publish,2013/06/01 11:50:56+00,
211,,Social Services,Homeless Shelters and Services,,www.lagaycenter.org,L A Gay And Lesbian Center - Highland Annex,1220 N Highland Ave,,Los Angeles,CA,"Monday through Friday, 8:30am to 5:30pm; Saturday and Sunday, 8:30am to 4:00pm. ",,www.lagaycenter.org,,,60357,"The program provides emergency food, HIV/AIDS services, homeless support services and shelter for people who live in Los Angeles County.",90038,http://egis3.lacounty.gov/lms/?p=60357,publish,2013/06/01 11:50:56+00,
211,,Social Services,Homeless Shelters and Services,,www.lagaycenter.org,L A Gay And Lesbian Center - Youth Services Program,1625 N. Schrader Blvd.,,Los Angeles,CA,"Monday through Saturday, 9:00am to 5:00pm. ",,www.lagaycenter.org,,,60358,"The program provides emergency food, HIV/AIDS services, homeless support services and shelter for people who live in Los Angeles County.",90028,http://egis3.lacounty.gov/lms/?p=60358,publish,2013/06/01 11:50:56+00,
211,,Social Services,Homeless Shelters and Services,,NULL,St. Philomena Church,21900 S. Main St.,,Carson,CA,"Monday through Sunday, 9:00am to 8:00pm. ",,,,,60359,"The program provides emergency food and holiday assistance for low-income residents of Carson, Long Beach zip code 90810 and Torrance zip code 90502.",90745,http://egis3.lacounty.gov/lms/?p=60359,publish,2013/06/01 11:50:56+00,
211,,Social Services,Homeless Shelters and Services,,NULL,East San Gabriel Valley Coalition For The Homeless,1345 Turnbull Canyon Rd.,,Hacienda Heights,CA,"Monday through Friday, 8:30am to 1:30pm. ",,,,,60360,"The program provides emergency food, information and referral, personal goods and transportation assistance for homeless people in the East San Gabriel Valley area.",91745,http://egis3.lacounty.gov/lms/?p=60360,publish,2013/06/01 11:50:56+00,
211,,Social Services,Homeless Shelters and Services,,www.voala.org,Volunteers Of America - San Julian Access Center,628 S. San Julian St.,,Los Angeles,CA,"Monday through Sunday, 24 hours per day. ",,www.voala.org,,,60394,The program provides homeless support services in Downtown Los Angeles.,90014,http://egis3.lacounty.gov/lms/?p=60394,publish,2013/06/01 11:50:56+00,
211,,Social Services,Homeless Shelters and Services,,www.jordansdisciplescommunityservice.org,Jordan's Disciples Community Service - Root 66,3669 Louise St.,,Lynwood,CA,"Monday through Sunday, 24 hours per day. ",,,,,60541,"The program provides shelter for pregnant women and women with children who are in Carson, Compton, Lynwood and Los Angeles.",90262,http://egis3.lacounty.gov/lms/?p=60541,publish,2013/06/01 11:50:56+00,
211,,Social Services,Homeless Shelters and Services,,www1.usw.salvationarmy.org/usw/www_usw_southeastcommunities.nsf,Salvation Army Corps Community Center - Huntington Park,2965 E. Gage Ave.,,Huntington Park,CA,,,www1.usw.salvationarmy.org/usw/www_usw_southeastcommunities.nsf,,,60839,"This agency provides a companionship program, emergency food, holiday assistance, homeless support services, personal enrichment and utility bill assistance for people who live in Bell, Bell Gardens, Cudahy, Downey, Huntington Park, Maywood, South Gate, Vernon and Walnut Park.",90255,http://egis3.lacounty.gov/lms/?p=60839,publish,2013/06/01 11:50:56+00,
211,,Social Services,Homeless Shelters and Services,,www.CatholicCharitiesLA.org,Catholic Charities Of Los Angeles - Brownson House,1307 Warren St.,,Los Angeles,CA,"Monday through Friday, 9:00am to 1:00pm. ",,www.CatholicCharitiesLA.org,,,60849,"This agency provides emergency food, holiday assistance, motel vouchers and utility bill assistance.",90033,http://egis3.lacounty.gov/lms/?p=60849,publish,2013/06/01 11:50:56+00,
211,,Social Services,Homeless Shelters and Services,,NULL,Tujunga United Methodist Church,9901 Tujunga Canyon Blvd.,,Tujunga,CA,"Monday through Friday, 11:00am to 1:00pm. ",,,,,60851,"This agency provides clothing, emergency food, holiday assistance, homeless support services, medical supply loans for people in La Crescenta, Lake View Terrace, Montrose, Sunland and Tujunga, including people who are undocumented or who are homeless.",91042,http://egis3.lacounty.gov/lms/?p=60851,publish,2013/06/01 11:50:56+00,
211,,Social Services,Homeless Shelters and Services,,www.intervalhouse.org,Interval House,6615 E. Pacific Coast Highway,Outreach Office| Suite 170,Long Beach,CA,"Monday through Sunday, 24 hours per day. ",,www.intervalhouse.org,,,60852,"This agency provides domestic violence services, a battered women's shelter for battered women and their children and welfare-to-work support services to battered women who receive CalWORKs and live primarily in the Long Beach and the surrounding areas.",90803,http://egis3.lacounty.gov/lms/?p=60852,publish,2013/06/01 11:50:56+00,
211,,Social Services,Homeless Shelters and Services,,www.mhala.org,Mental Health America Of Los Angeles - Antelope Valley Services - Discovery Resource Center,1609 E. Palmdale Blvd.,,Palmdale,CA,,,www.mhala.org,,,60883,"This agency provides homeless support, mental health services and volunteer opportunities for people in the Antelope Valley area.",93550,http://egis3.lacounty.gov/lms/?p=60883,publish,2013/06/01 11:50:56+00,
211,,Social Services,Homeless Shelters and Services,,www.mhala.org,Mental Health America Of Los Angeles - Antelope Valley Services,506 W Jackman St,,Lancaster,CA,,,www.mhala.org,,,60884,"This agency provides homeless support, mental health services and volunteer opportunities for people in the Antelope Valley area.",93534,http://egis3.lacounty.gov/lms/?p=60884,publish,2013/06/01 11:50:56+00,
211,,Social Services,Homeless Shelters and Services,,casa-libre.org,Center For Human Rights And Constitutional Law - Homeless Youth Project,845 S. Lake St.,,Los Angeles,CA,"Monday through Sunday, 24 hours per day. ",,casa-libre.org,,,60889,This agency provides shelter for homeless youth age 12 to 17 who are in Los Angeles County.,90057,http://egis3.lacounty.gov/lms/?p=60889,publish,2013/06/01 11:50:56+00,
211,,Social Services,Homeless Shelters and Services,,www.InlandValleyHopePartners.org,Inland Valley Hope Partners - Our House Shelter Administrative Office,1753 N. Park Ave.,,Pomona,CA,,,www.InlandValleyHopePartners.org,,,61487,"The organization's programs provides emergency food, financial assistance, holiday assistance and shelter for people who primarily live in the Inland Valley.",91768,http://egis3.lacounty.gov/lms/?p=61487,publish,2013/06/01 11:50:56+00,
211,,Social Services,Homeless Shelters and Services,,www.InlandValleyHopePartners.org,Inland Valley Hope Partners - Beta Food Security Site,290 W Pearl St,,Pomona,CA,,,www.InlandValleyHopePartners.org,,,61488,"The organization's programs provides emergency food, financial assistance, holiday assistance and shelter for people who primarily live in the Inland Valley.",91766,http://egis3.lacounty.gov/lms/?p=61488,publish,2013/06/01 11:50:56+00,
211,,Social Services,Homeless Shelters and Services,,www.InlandValleyHopePartners.org,Inland Valley Hope Partners - Claremont Center,660 N. Mountain Ave.,,Claremont,CA,,,www.InlandValleyHopePartners.org,,,61490,"The organization's programs provides emergency food, financial assistance, holiday assistance and shelter for people who primarily live in the Inland Valley.",91711,http://egis3.lacounty.gov/lms/?p=61490,publish,2013/06/01 11:50:56+00,
211,,Social Services,Homeless Shelters and Services,,berean29.adventistchurchconnect.org/index.php,Berean 7Th Day Adventist Church Community Services,4211 W. Adams Blvd.,,Los Angeles,CA,,,berean29.adventistchurchconnect.org/index.php,,,61495,This program provides emergency food and holiday assistance for people who live in Los Angeles County.,90018,http://egis3.lacounty.gov/lms/?p=61495,publish,2013/06/01 11:50:56+00,
211,,Social Services,Homeless Shelters and Services,,www.cotrbp.org,Church Of The Redeemer,3739 Monterey Ave.,,Baldwin Park,CA,"Monday through Friday, 9:00am to 3:00pm. ",,www.cotrbp.org,,,61497,This program provides emergency food and holiday assistance for anyone in need.,91706,http://egis3.lacounty.gov/lms/?p=61497,publish,2013/06/01 11:50:56+00,
211,,Social Services,Homeless Shelters and Services,,www.fasgi.org,Filipino American Service Group Inc,135 N. Park View St.,,Los Angeles,CA,"Monday through Friday, 8:00am to 5:00pm. ",,www.fasgi.org,,,61538,"The agency provides community services, health services, services for older adults and shelter to homeless adults with health and mental health issues who live in Los Angeles County area.",90026,http://egis3.lacounty.gov/lms/?p=61538,publish,2013/06/01 11:50:56+00,
,,Social Services,Homeless Shelters and Services,,Ella's Foundation,Ella's Foundation,3175 S. Hoover St.,Suite 113 ,Los Angeles ,CA,,,,,,68577,,90007,http://egis3.lacounty.gov/lms/?p=68577,publish,2013/04/25 15:44:26+00,
,,Social Services,Homeless Shelters and Services,,Access Center (WLCAC Access Center for Homeless Services), Access Center (WLCAC Access Center for Homeless Services),958 E. 108th Street,,Los Angeles ,CA ,,,,,,68583,,90064,http://egis3.lacounty.gov/lms/?p=68583,publish,2013/04/25 16:24:38+00,
,,Social Services,Homeless Shelters and Services,,Family Source Center,Family Source Center,9219 S. Broadway Avenue,,Los Angeles,,,,,,,68588,,90003,http://egis3.lacounty.gov/lms/?p=68588,publish,2013/08/19 16:09:06+00,
,,Social Services,Homeless Shelters and Services,,Immanuel Housing Inc. Immanuel House of Hope,Housing - Immanuel Housing Inc. Immanuel House of Hope,1800 E. 85th Street,,Los Angeles ,CA,,,,,,68594,,90001,http://egis3.lacounty.gov/lms/?p=68594,publish,2013/09/13 09:45:24+00,
,,Social Services,Homeless Shelters and Services,,,Housing Coalition Education,1051 Laighton Avenue,,Los Angeles,CA,,,,,,68596,,90037,http://egis3.lacounty.gov/lms/?p=68596,publish,2013/08/08 14:36:46+00,
,,Social Services,Homeless Shelters and Services,,St. Catherine's Episcopal Diocese of Los Angeles,St. Catherine's Episcopal Diocese of Los Angeles,1039 W. 87th St. ,,Los Angeles,CA,,,,,,68648,,90044,http://egis3.lacounty.gov/lms/?p=68648,publish,2013/04/26 14:01:14+00,
211,,Social Services,Homeless Shelters and Services,,,Angel Step Inn Domestic Violence Emergency Shelter,9047 Washington Blvd,,Pico Rivera,CA,"Monday through Sunday, 24 hours per day. N/A ",,www.angelstepinn.org,,,70230,"The agency provides domestic violence services, residential treatment for substance abuse, shelter and welfare-to-work support services for people who live in Los Angeles County.",90660,http://egis3.lacounty.gov/lms/?p=70230,publish,2010/11/01 11:50:56+00,
211,,Social Services,Homeless Shelters and Services,,,Long Beach Family Shelter For The Homeless,Long Beach Family Shelter,,Long Beach,CA,"Monday through Sunday, 24 hours per day. ",,,,,70297,"The agency provides shelter for people of all ages in the Long Beach area, including families with children and people who have physical disabilities.",90813,http://egis3.lacounty.gov/lms/?p=70297,publish,2010/11/01 11:50:56+00,
211,,Social Services,Homeless Shelters and Services,,,Bilingual Shelter For Victims Of Domestic Violence,,,Los Angeles,CA,"Monday through Friday, 8:00am to 5:00pm. ",,,,,70340,"The agency provides a battered women's shelter, domestic violence services and welfare-to-work support services for women with children who are in Los Angeles County.",90015,http://egis3.lacounty.gov/lms/?p=70340,publish,2010/11/01 11:50:56+00,
211,,Social Services,Homeless Shelters and Services,,,Free Spirit: For Victims Of Domestic Violence,,,Los Angeles,CA,"Monday through Sunday, 24 hours per day. ",,,,,70341,The agency provides a battered women's shelter and welfare-to-work support services for women with children who are in Los Angeles County.,90015,http://egis3.lacounty.gov/lms/?p=70341,publish,2010/11/01 11:50:56+00,
211,,Social Services,Homeless Shelters and Services,,,Ywca Glendale - Ywca Battered Women's Shelter - Sunrise Village,,,Glendale,CA,"Monday through Sunday, 24 hours per day. ",,www.glendaleywca.org,,,70619,"The agency provides domestic violence services, health services and shelter for battered women, and health services for women.",91206,http://egis3.lacounty.gov/lms/?p=70619,publish,2010/11/01 11:50:56+00,
211,,Social Services,Homeless Shelters and Services,,,Angelus Inn - Sro Housing Corporation,518 San Julian St,,Los Angeles,CA, ,,www.srohousing.org,,,70741,The agency provides low-cost housing for homeless and low-income adults in the Skid Row area of downtown Los Angeles.,90013,http://egis3.lacounty.gov/lms/?p=70741,publish,2016/06/16 10:53:24+00,
211,,Social Services,Homeless Shelters and Services,,,Russ - Sro Housing Corporation,517 San Julian St,,Los Angeles,CA,"Russ Information Desk is available Monday through Friday, 9:00am to 11:00am; Russ Rental Office is available Monday through Friday, 9:00am to 4:00pm. ",,www.srohousing.org,,,70754,The agency provides low-cost housing for homeless and low-income adults in the Skid Row area of downtown Los Angeles.,90013,http://egis3.lacounty.gov/lms/?p=70754,publish,2016/06/16 10:46:57+00,
211,,Social Services,Homeless Shelters and Services,,,People Assisting The Homeless - Regional Homeless Center,340 N Madison Ave,,Los Angeles,CA,"Monday through Friday, 7:30am to 4:00pm. ",,www.epath.org,,,70848,The organization provides shelter for homeless and at-risk adults and volunteer opportunities in Los Angeles County.,90004,http://egis3.lacounty.gov/lms/?p=70848,publish,2010/11/01 11:50:56+00,
211,,Social Services,Homeless Shelters and Services,,,Domestic Violence Center Of Santa Clarita,,call for location,Newhall,CA,"Monday through Friday, 9:00am to 5:00pm. ",,www.domesticviolencecenterscv.org,,,70906,The agency provides a battered women's shelter and domestic violence services for people in Los Angeles County.,91321,http://egis3.lacounty.gov/lms/?p=70906,publish,2010/11/01 11:50:56+00,
211,,Social Services,Homeless Shelters and Services,,,Upward Bound House - Family Place,1020 12Th Ct,,Santa Monica,CA,"Monday through Sunday, 24 hours per day. ",,www.upwardboundhouse.org,,,70925,The agency provides shelter for homeless families with children.,90403,http://egis3.lacounty.gov/lms/?p=70925,publish,2010/11/01 11:50:56+00,
211,,Social Services,Homeless Shelters and Services,,,Zoe Christian Fellowship - Sfv Rescue Mission,7143 Baird Ave,,Reseda,CA,"Wednesday, 8:30am to 10:30am and 12:00pm to 1:00pm. ",,www.sfvrescuemission.org,,,71064,"The mission provides emergency food, holiday assistance, homeless support services, shelter, thrift shops and volunteer opportunities for people in the San Fernando Valley.",91335,http://egis3.lacounty.gov/lms/?p=71064,publish,2010/11/01 11:50:56+00,
211,,Social Services,Homeless Shelters and Services,,,Chatsworth Foursquare Church - Sfv Rescue Mission,10210 Canoga Ave,,Chatsworth,CA,"Monday, 8:30am to 10:30am and 12:00pm to 1:00pm. ",,www.sfvrescuemission.org,,,71065,"The mission provides emergency food, holiday assistance, homeless support services, shelter, thrift shops and volunteer opportunities for people in the San Fernando Valley.",91311,http://egis3.lacounty.gov/lms/?p=71065,publish,2010/11/01 11:50:56+00,
211,,Social Services,Homeless Shelters and Services,,,Salvation Army Haven Program - Bldg. 212,11301 Wilshire Blvd,Bldg. 212,Los Angeles,CA,"Monday through Sunday, 24 hours per day. ",,usw.salvationarmy.org,,,71366,"The agency provides employment services, housing services, residential treatment for substance abuse, and shelter for homeless veterans in Los Angeles County.",90073,http://egis3.lacounty.gov/lms/?p=71366,publish,2010/11/01 11:50:56+00,
211,,Social Services,Homeless Shelters and Services,,,Salvation Army Haven Program - Bldg. 207,11301 Wilshire Blvd,Bldg. 207,Los Angeles,CA,"Monday through Friday, 8:00am to 4:30pm. ",,usw.salvationarmy.org,,,71367,"The agency provides employment services, housing services, residential treatment for substance abuse, and shelter for homeless veterans in Los Angeles County.",90073,http://egis3.lacounty.gov/lms/?p=71367,publish,2010/11/01 11:50:56+00,
211,,Social Services,Homeless Shelters and Services,,,Vets On The Move Foundation,357 E Carson St,Suite 204,Carson,CA,"Monday, Wednesday, and Friday, 9:00amm to 5:00pm; Tuesday and Thursday, 9:00am to 1:00pm. ",,www.vetsonthemove.org,,,71632,The agency provides shelter services for veterans in Los Angeles County.,90745,http://egis3.lacounty.gov/lms/?p=71632,publish,2010/11/01 11:50:56+00,
211,,Social Services,Homeless Shelters and Services,,,Year Round Shelter - Harbor Interfaith Services,670 W 9Th St,,San Pedro,CA,"Monday through Friday, 10:00am to 4:00pm. ",,www.lahsa.org,,,71674,"The agency provides shelter, motel vouchers and transportation to homeless individuals and families.",90731,http://egis3.lacounty.gov/lms/?p=71674,publish,2010/11/01 11:50:56+00,
211,,Social Services,Homeless Shelters and Services,,,Year Round Shelter - California Hispanic Commission On Alcohol & Drug Abuse Inc.,11046 Vly Mall,,El Monte,CA,"Monday through Friday, 9:00am to 12:00 noon; and 1:00pm to 3:00pm. ",,www.lahsa.org,,,71678,"The agency provides shelter, motel vouchers and transportation to homeless individuals and families.",91731,http://egis3.lacounty.gov/lms/?p=71678,publish,2010/11/01 11:50:56+00,
211,,Social Services,Homeless Shelters and Services,,,Year Round Shelter - Los Angeles Youth Network - Gower,1550 N Gower St,,Los Angeles,CA,"Monday through Sunday, 24 hours per day.  This shelter is targeted for homeless youth 12 to 17 years old. ",,www.lahsa.org,,,71679,"The agency provides shelter, motel vouchers and transportation to homeless individuals and families.",90028,http://egis3.lacounty.gov/lms/?p=71679,publish,2010/11/01 11:50:56+00,
211,,Social Services,Homeless Shelters and Services,,,Year Round Shelter - Lamp Community,526 S San Pedro St,,Los Angeles,CA,"Monday through Sunday, 24 hours per day. ",,www.lahsa.org,,,71681,"The agency provides shelter, motel vouchers and transportation to homeless individuals and families.",90013,http://egis3.lacounty.gov/lms/?p=71681,publish,2010/11/01 11:50:56+00,
211,,Social Services,Homeless Shelters and Services,,,Doors Of Hope,529 Broad Ave,,Wilmington,CA,"Monday through Friday, 9:00am to 5:00pm.  Shelter is provided Monday through Sunday, 24 hours per day. ",,www.doorsofhopewomensshelter.org,,,71748,The agency provides shelter for single women in Los Angeles County.,90744,http://egis3.lacounty.gov/lms/?p=71748,publish,2010/11/01 11:50:56+00,
211,,Social Services,Homeless Shelters and Services,,,"Catalyst Foundation, The - Clinic",44758 Elm Ave,,Lancaster,CA,"Monday through Thursday, 8:00am to 5:00pm; Friday, 8:00am to 12:00pm. ",,www.catalystfdn.org,,,71751,The foundation provides emergency food and HIV/AIDS services for Antelope Valley residents.,93534,http://egis3.lacounty.gov/lms/?p=71751,publish,2010/11/01 11:50:56+00,
211,,Social Services,Homeless Shelters and Services,,,Central Lutheran Church - Van Nuys,6425 Tyrone Ave,,Van Nuys,CA,"Hot lunch: Wednesdays, 12:00noon to 1:00pm. ",,www.hopeofthevalley.org,,,71752,"The rescue mission provides emergency food, personal goods, and shelter services for homeless men, women and families in the San Fernando Valley.",91401,http://egis3.lacounty.gov/lms/?p=71752,publish,2010/11/01 11:50:56+00,
211,,Social Services,Homeless Shelters and Services,,,San Pablo Lutheran Church - North Hollywood,7400 Tujunga Ave,,North Hollywood,CA,"Evening Meal: Thursday, 6:30pm to 7:30pm. ",,www.hopeofthevalley.org,,,71753,"The rescue mission provides emergency food, personal goods, and shelter services for homeless men, women and families in the San Fernando Valley.",91605,http://egis3.lacounty.gov/lms/?p=71753,publish,2010/11/01 11:50:56+00,
211,,Social Services,Homeless Shelters and Services,,,St. David's Episcopal Church - North Hollywood,11605 Magnolia Blvd,,North Hollywood,CA,"Breakfast: Saturday, 8:00am to 9:00am ",,www.hopeofthevalley.org,,,71754,"The rescue mission provides emergency food, personal goods, and shelter services for homeless men, women and families in the San Fernando Valley.",91601,http://egis3.lacounty.gov/lms/?p=71754,publish,2010/11/01 11:50:56+00,
211,,Social Services,Homeless Shelters and Services,,,American Philanthropy Association - Don King Shelter,8770 S Broadway,,Los Angeles,CA,"Monday through Sunday, 24 hours per day. ",,,,,71883,The agency provides emergency shelter for single women and men who live in Los Angeles County.,90003,http://egis3.lacounty.gov/lms/?p=71883,publish,2010/11/01 11:50:56+00,
211,,Social Services,Homeless Shelters and Services,,,Long Beach Rescue Mission - Lydia House Intake Site,1301 W 12Th St,Long Beach Multi-Service Center,Long Beach,CA,"Monday through Friday, 9:00am. ",,www.lbrm.org,,,71888,"The agency provides emergency food, shelter, clothing, counsel, spiritually-based adult rehabilitation transitional housing programs.",90813,http://egis3.lacounty.gov/lms/?p=71888,publish,2010/11/01 11:50:56+00,